[{"IpAddress":"192.168.107.91","Status":"Online","RoundTripTime":"0 ms"},{"IpAddress":"192.168.109.6","Status":"Online","RoundTripTime":"1 ms"},{"IpAddress":"192.168.109.18","Status":"Online","RoundTripTime":"0 ms"},{"IpAddress":"192.108.109.27","Status":"Offline","RoundTripTime":"N/A"},{"IpAddress":"192.168.109.27","Status":"Online","RoundTripTime":"0 ms"},{"IpAddress":"192.168.109.209","Status":"Online","RoundTripTime":"2 ms"},{"IpAddress":"192.168.109.11","Status":"Online","RoundTripTime":"0 ms"},{"IpAddress":"192.168.106.64","Status":"Online","RoundTripTime":"0 ms"}]